{
    "mse": 0.7944585005224268,
    "r2": 0.22683216764275915
}